####
# Scientific Names Parser Test
#
# Test consists of a pipe delimited input (scientific name) and parsed output in json format
####

#uninomial
Pseudocercospora|{"scientificName":{"parsed":true,"verbatim":"Pseudocercospora","normalized":"Pseudocercospora","canonical":"Pseudocercospora","uninomial":{"epitheton":"Pseudocercospora"}}}

#uninomial with author
Pseudocercospora Speg.|{"scientificName":{"parsed":true,"verbatim":"Pseudocercospora Speg.","normalized":"Pseudocercospora Speg.","canonical":"Pseudocercospora","uninomial":{"epitheton":"Pseudocercospora", "authorship":"Speg.", "basionymAuthorTeam":{"authorTeam":"Speg.", "author":["Speg."]}}}}

#uninomial with author and year
Pseudocercospora Speg. 1910|{"scientificName":{"parsed":true, "verbatim":"Pseudocercospora Speg. 1910", "normalized":"Pseudocercospora Speg. 1910", "canonical":"Pseudocercospora", "uninomial":{"epitheton":"Pseudocercospora", "authorship":"Speg. 1910", "basionymAuthorTeam":{"authorTeam":"Speg.", "author":["Speg."], "year":"1910"}}}}
Pseudocercospora Spegazzini, 1910|{"scientificName":{"parsed":true, "verbatim":"Pseudocercospora Spegazzini, 1910", "normalized":"Pseudocercospora Spegazzini 1910", "canonical":"Pseudocercospora", "uninomial":{"epitheton":"Pseudocercospora", "authorship":"Spegazzini, 1910", "basionymAuthorTeam":{"authorTeam":"Spegazzini", "author":["Spegazzini"], "year":"1910"}}}}
Platypus bicaudatulus Schedl (1935h)|{"scientificName":{"parsed":true, "verbatim":"Platypus bicaudatulus Schedl (1935h)", "normalized":"Platypus bicaudatulus Schedl 1935", "canonical":"Platypus bicaudatulus", "genus":{"epitheton":"Platypus"}, "species":{"epitheton":"bicaudatulus", "authorship":"Schedl (1935h)", "basionymAuthorTeam":{"authorTeam":"Schedl", "author":["Schedl"], "year":"1935"}}}}
Platypus bicaudatulus Schedl (1935)|{"scientificName":{"parsed":true, "verbatim":"Platypus bicaudatulus Schedl (1935)", "normalized":"Platypus bicaudatulus Schedl 1935", "canonical":"Platypus bicaudatulus", "genus":{"epitheton":"Platypus"}, "species":{"epitheton":"bicaudatulus", "authorship":"Schedl (1935)", "basionymAuthorTeam":{"authorTeam":"Schedl", "author":["Schedl"], "year":"1935"}}}}
Tridentella tangeroae Bruce, 198?|{"scientificName":{"parsed":true, "verbatim":"Tridentella tangeroae Bruce, 198?", "normalized":"Tridentella tangeroae Bruce 198?", "canonical":"Tridentella tangeroae", "genus":{"epitheton":"Tridentella"}, "species":{"epitheton":"tangeroae", "authorship":"Bruce, 198?", "basionymAuthorTeam":{"authorTeam":"Bruce", "author":["Bruce"], "year":"198?"}}}}

#two-letter genus names (legacy genera, not allowed anymore)
Ca Dyar 1914|{"scientificName":{"parsed":true, "verbatim":"Ca Dyar 1914", "normalized":"Ca Dyar 1914", "canonical":"Ca", "uninomial":{"epitheton":"Ca", "authorship":"Dyar 1914", "basionymAuthorTeam":{"authorTeam":"Dyar", "author":["Dyar"], "year":"1914"}}}}
Ea Distant 1911|{"scientificName":{"parsed":true, "verbatim":"Ea Distant 1911", "normalized":"Ea Distant 1911", "canonical":"Ea", "uninomial":{"epitheton":"Ea", "authorship":"Distant 1911", "basionymAuthorTeam":{"authorTeam":"Distant", "author":["Distant"], "year":"1911"}}}}
Ge Nicéville 1895|{"scientificName":{"parsed":true, "verbatim":"Ge Nicéville 1895", "normalized":"Ge Nicéville 1895", "canonical":"Ge", "uninomial":{"epitheton":"Ge", "authorship":"Nicéville 1895", "basionymAuthorTeam":{"authorTeam":"Nicéville", "author":["Nicéville"], "year":"1895"}}}}
Ia Thomas 1902|{"scientificName":{"parsed":true, "verbatim":"Ia Thomas 1902", "normalized":"Ia Thomas 1902", "canonical":"Ia", "uninomial":{"epitheton":"Ia", "authorship":"Thomas 1902", "basionymAuthorTeam":{"authorTeam":"Thomas", "author":["Thomas"], "year":"1902"}}}}
Io Lea 1831| {"scientificName":{"parsed":true, "verbatim":"Io Lea 1831", "normalized":"Io Lea 1831", "canonical":"Io", "uninomial":{"epitheton":"Io", "authorship":"Lea 1831", "basionymAuthorTeam":{"authorTeam":"Lea", "author":["Lea"], "year":"1831"}}}}
Io Blanchard 1852|{"scientificName":{"parsed":true, "verbatim":"Io Blanchard 1852", "normalized":"Io Blanchard 1852", "canonical":"Io", "uninomial":{"epitheton":"Io", "authorship":"Blanchard 1852", "basionymAuthorTeam":{"authorTeam":"Blanchard", "author":["Blanchard"], "year":"1852"}}}}
Ix Bergroth 1916|{"scientificName":{"parsed":true, "verbatim":"Ix Bergroth 1916", "normalized":"Ix Bergroth 1916", "canonical":"Ix", "uninomial":{"epitheton":"Ix", "authorship":"Bergroth 1916", "basionymAuthorTeam":{"authorTeam":"Bergroth", "author":["Bergroth"], "year":"1916"}}}}
Lo Seale 1906|{"scientificName":{"parsed":true, "verbatim":"Lo Seale 1906", "normalized":"Lo Seale 1906", "canonical":"Lo", "uninomial":{"epitheton":"Lo", "authorship":"Seale 1906", "basionymAuthorTeam":{"authorTeam":"Seale", "author":["Seale"], "year":"1906"}}}}
Oa Girault 1929|{"scientificName":{"parsed":true, "verbatim":"Oa Girault 1929", "normalized":"Oa Girault 1929", "canonical":"Oa", "uninomial":{"epitheton":"Oa", "authorship":"Girault 1929", "basionymAuthorTeam":{"authorTeam":"Girault", "author":["Girault"], "year":"1929"}}}}
Ra Whitley 1931|{"scientificName":{"parsed":true, "verbatim":"Ra Whitley 1931", "normalized":"Ra Whitley 1931", "canonical":"Ra", "uninomial":{"epitheton":"Ra", "authorship":"Whitley 1931", "basionymAuthorTeam":{"authorTeam":"Whitley", "author":["Whitley"], "year":"1931"}}}}
Ty Bory de St. Vincent 1827|{"scientificName":{"parsed":true, "verbatim":"Ty Bory de St. Vincent 1827", "normalized":"Ty Bory de St. Vincent 1827", "canonical":"Ty", "uninomial":{"epitheton":"Ty", "authorship":"Bory de St. Vincent 1827", "basionymAuthorTeam":{"authorTeam":"Bory de St. Vincent", "author":["Bory de St. Vincent"], "year":"1827"}}}}
Ua Girault 1929|{"scientificName":{"parsed":true, "verbatim":"Ua Girault 1929", "normalized":"Ua Girault 1929", "canonical":"Ua", "uninomial":{"epitheton":"Ua", "authorship":"Girault 1929", "basionymAuthorTeam":{"authorTeam":"Girault", "author":["Girault"], "year":"1929"}}}}
Aa Baker 1940|{"scientificName":{"parsed":true, "verbatim":"Aa Baker 1940", "normalized":"Aa Baker 1940", "canonical":"Aa", "uninomial":{"epitheton":"Aa", "authorship":"Baker 1940", "basionymAuthorTeam":{"authorTeam":"Baker", "author":["Baker"], "year":"1940"}}}}
Ja Uéno 1955|{"scientificName":{"parsed":true, "verbatim":"Ja Uéno 1955", "normalized":"Ja Uéno 1955", "canonical":"Ja", "uninomial":{"epitheton":"Ja", "authorship":"Uéno 1955", "basionymAuthorTeam":{"authorTeam":"Uéno", "author":["Uéno"], "year":"1955"}}}}
Zu Walters & Fitch 1960|{"scientificName":{"parsed":true, "verbatim":"Zu Walters & Fitch 1960", "normalized":"Zu Walters et Fitch 1960", "canonical":"Zu", "uninomial":{"epitheton":"Zu", "authorship":"Walters & Fitch 1960", "basionymAuthorTeam":{"authorTeam":"Walters & Fitch", "author":["Walters", "Fitch"], "year":"1960"}}}}
La Bleszynski 1966|{"scientificName":{"parsed":true, "verbatim":"La Bleszynski 1966", "normalized":"La Bleszynski 1966", "canonical":"La", "uninomial":{"epitheton":"La", "authorship":"Bleszynski 1966", "basionymAuthorTeam":{"authorTeam":"Bleszynski", "author":["Bleszynski"], "year":"1966"}}}}
Qu Durkoop|{"scientificName":{"parsed":true, "verbatim":"Qu Durkoop", "normalized":"Qu Durkoop", "canonical":"Qu", "uninomial":{"epitheton":"Qu", "authorship":"Durkoop", "basionymAuthorTeam":{"authorTeam":"Durkoop", "author":["Durkoop"]}}}}
As Slipinski 1982|{"scientificName":{"parsed":true, "verbatim":"As Slipinski 1982", "normalized":"As Slipinski 1982", "canonical":"As", "uninomial":{"epitheton":"As", "authorship":"Slipinski 1982", "basionymAuthorTeam":{"authorTeam":"Slipinski", "author":["Slipinski"], "year":"1982"}}}}
Ba Solem 1983|{"scientificName":{"parsed":true, "verbatim":"Ba Solem 1983", "normalized":"Ba Solem 1983", "canonical":"Ba", "uninomial":{"epitheton":"Ba", "authorship":"Solem 1983", "basionymAuthorTeam":{"authorTeam":"Solem", "author":["Solem"], "year":"1983"}}}}

#canonical binomial
Pseudocercospora     dendrobii|{"scientificName":{"parsed":true, "verbatim":"Pseudocercospora     dendrobii", "normalized":"Pseudocercospora dendrobii", "canonical":"Pseudocercospora dendrobii", "genus":{"epitheton":"Pseudocercospora"}, "species":{"epitheton":"dendrobii"}}}

#binomial with author and a year
Platypus bicaudatulus Schedl 1935|{"scientificName":{"parsed":true, "verbatim":"Platypus bicaudatulus Schedl 1935", "normalized":"Platypus bicaudatulus Schedl 1935", "canonical":"Platypus bicaudatulus", "genus":{"epitheton":"Platypus"}, "species":{"epitheton":"bicaudatulus", "authorship":"Schedl 1935", "basionymAuthorTeam":{"authorTeam":"Schedl", "author":["Schedl"], "year":"1935"}}}}
Platypus bicaudatulus Schedl, 1935h|{"scientificName":{"parsed":true, "verbatim":"Platypus bicaudatulus Schedl, 1935h", "normalized":"Platypus bicaudatulus Schedl 1935", "canonical":"Platypus bicaudatulus", "genus":{"epitheton":"Platypus"}, "species":{"epitheton":"bicaudatulus", "authorship":"Schedl, 1935h", "basionymAuthorTeam":{"authorTeam":"Schedl", "author":["Schedl"], "year":"1935"}}}}

# whitespace names (rare, only ~50 cases)
#TODO Donatia novae zelandiae Hook.f.
#TODO Donatia novae-zelandiae Hook.f.

#binomial with several authours
Pseudocercospora dendrobii U. Braun & Crous|{"scientificName":{"parsed":true, "verbatim":"Pseudocercospora dendrobii U. Braun & Crous", "normalized":"Pseudocercospora dendrobii U. Braun et Crous", "canonical":"Pseudocercospora dendrobii", "genus":{"epitheton":"Pseudocercospora"}, "species":{"epitheton":"dendrobii", "authorship":"U. Braun & Crous", "basionymAuthorTeam":{"authorTeam":"U. Braun & Crous", "author":["U. Braun", "Crous"]}}}}
Pseudocercospora dendrobii U. Braun et Crous|{"scientificName":{"parsed":true, "verbatim":"Pseudocercospora dendrobii U. Braun et Crous", "normalized":"Pseudocercospora dendrobii U. Braun et Crous", "canonical":"Pseudocercospora dendrobii", "genus":{"epitheton":"Pseudocercospora"}, "species":{"epitheton":"dendrobii", "authorship":"U. Braun et Crous", "basionymAuthorTeam":{"authorTeam":"U. Braun et Crous", "author":["U. Braun", "Crous"]}}}}
Pseudocercospora dendrobii U. Braun and Crous|{"scientificName":{"parsed":true, "verbatim":"Pseudocercospora dendrobii U. Braun and Crous", "normalized":"Pseudocercospora dendrobii U. Braun et Crous", "canonical":"Pseudocercospora dendrobii", "genus":{"epitheton":"Pseudocercospora"}, "species":{"epitheton":"dendrobii", "authorship":"U. Braun and Crous", "basionymAuthorTeam":{"authorTeam":"U. Braun and Crous", "author":["U. Braun", "Crous"]}}}}

#binomial with several authors and a year
Pseudocercospora dendrobii U. Braun & Crous 2003|{"scientificName":{"parsed":true, "verbatim":"Pseudocercospora dendrobii U. Braun & Crous 2003", "normalized":"Pseudocercospora dendrobii U. Braun et Crous 2003", "canonical":"Pseudocercospora dendrobii", "genus":{"epitheton":"Pseudocercospora"}, "species":{"epitheton":"dendrobii", "authorship":"U. Braun & Crous 2003", "basionymAuthorTeam":{"authorTeam":"U. Braun & Crous", "author":["U. Braun", "Crous"], "year":"2003"}}}}

#iczn: species name with subgenus
Hegeter (Hegeter) intercedens Lindberg H 1950|{"scientificName":{"parsed":true, "verbatim":"Hegeter (Hegeter) intercedens Lindberg H 1950", "normalized":"Hegeter (Hegeter) intercedens Lindberg H 1950", "canonical":"Hegeter intercedens", "genus":{"epitheton":"Hegeter"}, "subgenus":{"epitheton":"Hegeter"}, "species":{"epitheton":"intercedens", "authorship":"Lindberg H 1950", "basionymAuthorTeam":{"authorTeam":"Lindberg H", "author":["Lindberg H"], "year":"1950"}}}}

#genus with question mark
Ferganoconcha? oblonga|{"scientificName":{"parsed":true, "verbatim":"Ferganoconcha? oblonga", "normalized":"Ferganoconcha oblonga", "canonical":"Ferganoconcha oblonga", "genus":{"epitheton":"Ferganoconcha"}, "species":{"epitheton":"oblonga"}}}

#unicode utf8 characters in name
Rühlella|{"scientificName":{"parsed":true, "verbatim":"Rühlella", "normalized":"Rühlella", "canonical":"Rühlella", "uninomial":{"epitheton":"Rühlella"}}}
Sténométope laevissimus Bibron 1855|{"scientificName":{"parsed":true, "verbatim":"Sténométope laevissimus Bibron 1855", "normalized":"Sténométope laevissimus Bibron 1855", "canonical":"Sténométope laevissimus", "genus":{"epitheton":"Sténométope"}, "species":{"epitheton":"laevissimus", "authorship":"Bibron 1855", "basionymAuthorTeam":{"authorTeam":"Bibron", "author":["Bibron"], "year":"1855"}}}}
Choriozopella trägårdhi Lawrence, 1947|{"scientificName":{"parsed":true, "verbatim":"Choriozopella trägårdhi Lawrence, 1947", "normalized":"Choriozopella trägårdhi Lawrence 1947", "canonical":"Choriozopella trägårdhi", "genus":{"epitheton":"Choriozopella"}, "species":{"epitheton":"trägårdhi", "authorship":"Lawrence, 1947", "basionymAuthorTeam":{"authorTeam":"Lawrence", "author":["Lawrence"], "year":"1947"}}}}

#digraph unicode characters
Læptura laetifica Dow, 1913|{"scientificName":{"parsed":true, "verbatim":"Læptura laetifica Dow, 1913", "normalized":"Laeptura laetifica Dow 1913", "canonical":"Laeptura laetifica", "genus":{"epitheton":"Laeptura"}, "species":{"epitheton":"laetifica", "authorship":"Dow, 1913", "basionymAuthorTeam":{"authorTeam":"Dow", "author":["Dow"], "year":"1913"}}}}
Leptura lætifica Dow, 1913|{"scientificName":{"parsed":true, "verbatim":"Leptura lætifica Dow, 1913", "normalized":"Leptura laetifica Dow 1913", "canonical":"Leptura laetifica", "genus":{"epitheton":"Leptura"}, "species":{"epitheton":"laetifica", "authorship":"Dow, 1913", "basionymAuthorTeam":{"authorTeam":"Dow", "author":["Dow"], "year":"1913"}}}}
Leptura leætifica Dow, 1913|{"scientificName":{"parsed":true, "verbatim":"Leptura leætifica Dow, 1913", "normalized":"Leptura leaetifica Dow 1913", "canonical":"Leptura leaetifica", "genus":{"epitheton":"Leptura"}, "species":{"epitheton":"leaetifica", "authorship":"Dow, 1913", "basionymAuthorTeam":{"authorTeam":"Dow", "author":["Dow"], "year":"1913"}}}}
Leæptura laetifica Dow, 1913|{"scientificName":{"parsed":true, "verbatim":"Leæptura laetifica Dow, 1913", "normalized":"Leaeptura laetifica Dow 1913", "canonical":"Leaeptura laetifica", "genus":{"epitheton":"Leaeptura"}, "species":{"epitheton":"laetifica", "authorship":"Dow, 1913", "basionymAuthorTeam":{"authorTeam":"Dow", "author":["Dow"], "year":"1913"}}}}
Leœptura laetifica Dow, 1913|{"scientificName":{"parsed":true, "verbatim":"Leœptura laetifica Dow, 1913", "normalized":"Leoeptura laetifica Dow 1913", "canonical":"Leoeptura laetifica", "genus":{"epitheton":"Leoeptura"}, "species":{"epitheton":"laetifica", "authorship":"Dow, 1913", "basionymAuthorTeam":{"authorTeam":"Dow", "author":["Dow"], "year":"1913"}}}}
Ærenea cognata Lacordaire, 1872|{"scientificName":{"parsed":true, "verbatim":"Ærenea cognata Lacordaire, 1872", "normalized":"Aerenea cognata Lacordaire 1872", "canonical":"Aerenea cognata", "genus":{"epitheton":"Aerenea"}, "species":{"epitheton":"cognata", "authorship":"Lacordaire, 1872", "basionymAuthorTeam":{"authorTeam":"Lacordaire", "author":["Lacordaire"], "year":"1872"}}}}
Œdicnemus capensis|{"scientificName":{"parsed":true, "verbatim":"Œdicnemus capensis", "normalized":"Oedicnemus capensis", "canonical":"Oedicnemus capensis", "genus":{"epitheton":"Oedicnemus"}, "species":{"epitheton":"capensis"}}}
Œnanthe œnanthe|{"scientificName":{"parsed":true, "verbatim":"Œnanthe œnanthe", "normalized":"Oenanthe oenanthe", "canonical":"Oenanthe oenanthe", "genus":{"epitheton":"Oenanthe"}, "species":{"epitheton":"oenanthe"}}}

#basionym in parenthesis
Zophosis persis (Chatanay, 1914)|{"scientificName":{"parsed":true, "verbatim":"Zophosis persis (Chatanay, 1914)", "normalized":"Zophosis persis (Chatanay 1914)", "canonical":"Zophosis persis", "genus":{"epitheton":"Zophosis"}, "species":{"epitheton":"persis", "authorship":"(Chatanay, 1914)", "basionymAuthorTeam":{"authorTeam":"Chatanay", "author":["Chatanay"], "year":"1914"}}}}
Zophosis persis (Chatanay 1914)|{"scientificName":{"parsed":true, "verbatim":"Zophosis persis (Chatanay 1914)", "normalized":"Zophosis persis (Chatanay 1914)", "canonical":"Zophosis persis", "genus":{"epitheton":"Zophosis"}, "species":{"epitheton":"persis", "authorship":"(Chatanay 1914)", "basionymAuthorTeam":{"authorTeam":"Chatanay", "author":["Chatanay"], "year":"1914"}}}}
Zophosis persis (Chatanay), 1914|{"scientificName":{"parsed":true, "verbatim":"Zophosis persis (Chatanay), 1914", "normalized":"Zophosis persis (Chatanay 1914)", "canonical":"Zophosis persis", "genus":{"epitheton":"Zophosis"}, "species":{"epitheton":"persis", "authorship":"(Chatanay), 1914", "basionymAuthorTeam":{"author_team":"(Chatanay), 1914", "author":["Chatanay"], "year":"1914"}}}}
#binomial with basionym and combination authors
Pseudocercospora dendrobii(H.C.     Burnett)U. Braun & Crous     2003|{"scientificName":{"parsed":true, "verbatim":"Pseudocercospora dendrobii(H.C.     Burnett)U. Braun & Crous     2003", "normalized":"Pseudocercospora dendrobii (H.C. Burnett) U. Braun et Crous 2003", "canonical":"Pseudocercospora dendrobii", "genus":{"epitheton":"Pseudocercospora"}, "species":{"epitheton":"dendrobii", "authorship":"(H.C.     Burnett)U. Braun & Crous     2003", "combinationAuthorTeam":{"authorTeam":"U. Braun & Crous", "author":["U. Braun", "Crous"], "year":"2003"}, "basionymAuthorTeam":{"authorTeam":"H.C.     Burnett", "author":["H.C. Burnett"]}}}}
Pseudocercospora dendrobii(H.C.     Burnett, 1873)U. Braun & Crous     2003|{"scientificName":{"parsed":true, "verbatim":"Pseudocercospora dendrobii(H.C.     Burnett, 1873)U. Braun & Crous     2003", "normalized":"Pseudocercospora dendrobii (H.C. Burnett 1873) U. Braun et Crous 2003", "canonical":"Pseudocercospora dendrobii", "genus":{"epitheton":"Pseudocercospora"}, "species":{"epitheton":"dendrobii", "authorship":"(H.C.     Burnett, 1873)U. Braun & Crous     2003", "combinationAuthorTeam":{"authorTeam":"U. Braun & Crous", "author":["U. Braun", "Crous"], "year":"2003"}, "basionymAuthorTeam":{"authorTeam":"H.C.     Burnett", "author":["H.C. Burnett"], "year":"1873"}}}}
Pseudocercospora dendrobii(H.C.     Burnett 1873)U. Braun & Crous ,    2003|{"scientificName":{"parsed":true, "verbatim":"Pseudocercospora dendrobii(H.C.     Burnett 1873)U. Braun & Crous ,    2003", "normalized":"Pseudocercospora dendrobii (H.C. Burnett 1873) U. Braun et Crous 2003", "canonical":"Pseudocercospora dendrobii", "genus":{"epitheton":"Pseudocercospora"}, "species":{"epitheton":"dendrobii", "authorship":"(H.C.     Burnett 1873)U. Braun & Crous ,    2003", "combinationAuthorTeam":{"authorTeam":"U. Braun & Crous", "author":["U. Braun", "Crous"], "year":"2003"}, "basionymAuthorTeam":{"authorTeam":"H.C.     Burnett", "author":["H.C. Burnett"], "year":"1873"}}}}

#infraspecies without rank
Hydnellum scrobiculatum zonatum (Banker) D. Hall & D.E. Stuntz 1972|{"scientificName":{"parsed":true, "verbatim":"Hydnellum scrobiculatum zonatum (Banker) D. Hall & D.E. Stuntz 1972", "normalized":"Hydnellum scrobiculatum zonatum (Banker) D. Hall et D.E. Stuntz 1972", "canonical":"Hydnellum scrobiculatum zonatum", "genus":{"epitheton":"Hydnellum"}, "species":{"epitheton":"scrobiculatum"}, "infraspecies":{"epitheton":"zonatum", "rank":"n/a", "authorship":"(Banker) D. Hall & D.E. Stuntz 1972", "combinationAuthorTeam":{"authorTeam":"D. Hall & D.E. Stuntz", "author":["D. Hall", "D.E. Stuntz"], "year":"1972"}, "basionymAuthorTeam":{"authorTeam":"Banker", "author":["Banker"]}}}}
Hydnellum (Hydnellum) scrobiculatum zonatum (Banker) D. Hall & D.E. Stuntz 1972|{"scientificName":{"parsed":true, "verbatim":"Hydnellum (Hydnellum) scrobiculatum zonatum (Banker) D. Hall & D.E. Stuntz 1972", "normalized":"Hydnellum (Hydnellum) scrobiculatum zonatum (Banker) D. Hall et D.E. Stuntz 1972", "canonical":"Hydnellum Hydnellum scrobiculatum zonatum", "genus":{"epitheton":"Hydnellum"}, "subgenus":{"epitheton":"Hydnellum"}, "species":{"epitheton":"scrobiculatum"}, "infraspecies":{"epitheton":"zonatum", "rank":"n/a", "authorship":"(Banker) D. Hall & D.E. Stuntz 1972", "combinationAuthorTeam":{"authorTeam":"D. Hall & D.E. Stuntz", "author":["D. Hall", "D.E. Stuntz"], "year":"1972"}, "basionymAuthorTeam":{"authorTeam":"Banker", "author":["Banker"]}}}}

Hydnellum scrobiculatum zonatum|{"scientificName":{"parsed":true, "verbatim":"Hydnellum scrobiculatum zonatum", "normalized":"Hydnellum scrobiculatum zonatum", "canonical":"Hydnellum scrobiculatum zonatum", "genus":{"epitheton":"Hydnellum"}, "species":{"epitheton":"scrobiculatum"}, "infraspecies":{"epitheton":"zonatum", "rank":"n/a"}}}

#infraspecies with rank
Aus bus Linn. var. bus|{"scientificName":{"parsed":true, "verbatim":"Aus bus Linn. var. bus", "normalized":"Aus bus Linn. var. bus", "canonical":"Aus bus bus", "genus":{"epitheton":"Aus"}, "species":{"epitheton":"bus", "authorship":"Linn.", "basionymAuthorTeam":{"authorTeam":"Linn.", "author":["Linn."]}}, "infraspecies":{"epitheton":"bus", "rank":"var."}}}
Agalinis purpurea (L.) Briton var. borealis (Berg.) Peterson 1987|{"scientificName":{"parsed":true, "verbatim":"Agalinis purpurea (L.) Briton var. borealis (Berg.) Peterson 1987", "normalized":"Agalinis purpurea (L.) Briton var. borealis (Berg.) Peterson 1987", "canonical":"Agalinis purpurea borealis", "genus":{"epitheton":"Agalinis"}, "species":{"epitheton":"purpurea", "authorship":"(L.) Briton", "combinationAuthorTeam":{"authorTeam":"Briton", "author":["Briton"]}, "basionymAuthorTeam":{"authorTeam":"L.", "author":["L."]}}, "infraspecies":{"epitheton":"borealis", "rank":"var.", "authorship":"(Berg.) Peterson 1987", "combinationAuthorTeam":{"authorTeam":"Peterson", "author":["Peterson"], "year":"1987"}, "basionymAuthorTeam":{"authorTeam":"Berg.", "author":["Berg."]}}}}
Callideriphus flavicollis morph. reductus Fuchs 1961|{"scientificName":{"parsed":true, "verbatim":"Callideriphus flavicollis morph. reductus Fuchs 1961", "normalized":"Callideriphus flavicollis morph. reductus Fuchs 1961", "canonical":"Callideriphus flavicollis reductus", "genus":{"epitheton":"Callideriphus"}, "species":{"epitheton":"flavicollis"}, "infraspecies":{"epitheton":"reductus", "rank":"morph.", "authorship":"Fuchs 1961", "basionymAuthorTeam":{"authorTeam":"Fuchs", "author":["Fuchs"], "year":"1961"}}}}
Caulerpa cupressoides forma nuda|{"scientificName":{"parsed":true, "verbatim":"Caulerpa cupressoides forma nuda", "normalized":"Caulerpa cupressoides f. nuda", "canonical":"Caulerpa cupressoides nuda", "genus":{"epitheton":"Caulerpa"}, "species":{"epitheton":"cupressoides"}, "infraspecies":{"epitheton":"nuda", "rank":"f."}}}
Chlorocyperus glaber form. fasciculariforme (Lojac.) Soó|{"scientificName":{"parsed":true, "verbatim":"Chlorocyperus glaber form. fasciculariforme (Lojac.) Soó", "normalized":"Chlorocyperus glaber f. fasciculariforme (Lojac.) Soó", "canonical":"Chlorocyperus glaber fasciculariforme", "genus":{"epitheton":"Chlorocyperus"}, "species":{"epitheton":"glaber"}, "infraspecies":{"epitheton":"fasciculariforme", "rank":"f.", "authorship":"(Lojac.) Soó", "combinationAuthorTeam":{"authorTeam":"Soó", "author":["Soó"]}, "basionymAuthorTeam":{"authorTeam":"Lojac.", "author":["Lojac."]}}}}
Sphaerotheca    fuliginea    f.     dahliae    Movss.     1967|{"scientificName":{"parsed":true, "verbatim":"Sphaerotheca    fuliginea    f.     dahliae    Movss.     1967", "normalized":"Sphaerotheca fuliginea f. dahliae Movss. 1967", "canonical":"Sphaerotheca fuliginea dahliae", "genus":{"epitheton":"Sphaerotheca"}, "species":{"epitheton":"fuliginea"}, "infraspecies":{"epitheton":"dahliae", "rank":"f.", "authorship":"Movss.     1967", "basionymAuthorTeam":{"authorTeam":"Movss.", "author":["Movss."], "year":"1967"}}}}
Polypodium vulgare nothosubsp. mantoniae (Rothm.) Schidlay|{"scientificName":{"parsed":true, "verbatim":"Polypodium vulgare nothosubsp. mantoniae (Rothm.) Schidlay", "normalized":"Polypodium vulgare nothosubsp. mantoniae (Rothm.) Schidlay", "canonical":"Polypodium vulgare mantoniae", "genus":{"epitheton":"Polypodium"}, "species":{"epitheton":"vulgare"}, "infraspecies":{"epitheton":"mantoniae", "rank":"nothosubsp.", "authorship":"(Rothm.) Schidlay", "combinationAuthorTeam":{"authorTeam":"Schidlay", "author":["Schidlay"]}, "basionymAuthorTeam":{"authorTeam":"Rothm.", "author":["Rothm."]}}}}

#infraspecies_multiple
Hydnellum scrobiculatum var. zonatum f. parvum (Banker) D. Hall & D.E. Stuntz 1972|{"scientificName":{"parsed":true, "verbatim":"Hydnellum scrobiculatum var. zonatum f. parvum (Banker) D. Hall & D.E. Stuntz 1972", "normalized":"Hydnellum scrobiculatum var. zonatum f. parvum (Banker) D. Hall et D.E. Stuntz 1972", "canonical":"Hydnellum scrobiculatum zonatum parvum", "genus":{"epitheton":"Hydnellum"}, "species":{"epitheton":"scrobiculatum"}, "infraspecies":[{"epitheton":"zonatum", "rank":"var."}, {"epitheton":"parvum", "rank":"f.", "authorship":"(Banker) D. Hall & D.E. Stuntz 1972", "combinationAuthorTeam":{"authorTeam":"D. Hall & D.E. Stuntz", "author":["D. Hall", "D.E. Stuntz"], "year":"1972"}, "basionymAuthorTeam":{"authorTeam":"Banker", "author":["Banker"]}}]}}
Senecio fuchsii C.C.Gmel. subsp. fuchsii var. expansus (Boiss. & Heldr.) Hayek|{"scientificName":{"parsed":true, "verbatim":"Senecio fuchsii C.C.Gmel. subsp. fuchsii var. expansus (Boiss. & Heldr.) Hayek", "normalized":"Senecio fuchsii C.C.Gmel. subsp. fuchsii var. expansus (Boiss. et Heldr.) Hayek", "canonical":"Senecio fuchsii fuchsii expansus", "genus":{"epitheton":"Senecio"}, "species":{"epitheton":"fuchsii", "authorship":"C.C.Gmel.", "basionymAuthorTeam":{"authorTeam":"C.C.Gmel.", "author":["C.C.Gmel."]}}, "infraspecies":[{"epitheton":"fuchsii", "rank":"subsp."}, {"epitheton":"expansus", "rank":"var.", "authorship":"(Boiss. & Heldr.) Hayek", "combinationAuthorTeam":{"authorTeam":"Hayek", "author":["Hayek"]}, "basionymAuthorTeam":{"authorTeam":"Boiss. & Heldr.", "author":["Boiss.", "Heldr."]}}]}}
Senecio fuchsii C.C.Gmel. subsp. fuchsii var. fuchsii|{"scientificName":{"parsed":true, "verbatim":"Senecio fuchsii C.C.Gmel. subsp. fuchsii var. fuchsii", "normalized":"Senecio fuchsii C.C.Gmel. subsp. fuchsii var. fuchsii", "canonical":"Senecio fuchsii fuchsii fuchsii", "genus":{"epitheton":"Senecio"}, "species":{"epitheton":"fuchsii", "authorship":"C.C.Gmel.", "basionymAuthorTeam":{"authorTeam":"C.C.Gmel.", "author":["C.C.Gmel."]}}, "infraspecies":[{"epitheton":"fuchsii", "rank":"subsp."}, {"epitheton":"fuchsii", "rank":"var."}]}}

#unknown authorship
Tragacantha leporina (?) Kuntze|{"scientificName":{"parsed":true, "verbatim":"Tragacantha leporina (?) Kuntze", "normalized":"Tragacantha leporina (?) Kuntze", "canonical":"Tragacantha leporina", "genus":{"epitheton":"Tragacantha"}, "species":{"epitheton":"leporina", "authorship":"(?) Kuntze", "combinationAuthorTeam":{"authorTeam":"Kuntze", "author":["Kuntze"]}, "basionymAuthorTeam":{"authorTeam":"(?)", "author":["?"]}}}}
Lachenalia tricolor var. nelsonii (auct.) Baker|{"scientificName":{"parsed":true, "verbatim":"Lachenalia tricolor var. nelsonii (auct.) Baker", "normalized":"Lachenalia tricolor var. nelsonii (auct.) Baker", "canonical":"Lachenalia tricolor nelsonii", "genus":{"epitheton":"Lachenalia"}, "species":{"epitheton":"tricolor"}, "infraspecies":{"epitheton":"nelsonii", "rank":"var.", "authorship":"(auct.) Baker", "combinationAuthorTeam":{"authorTeam":"Baker", "author":["Baker"]}, "basionymAuthorTeam":{"authorTeam":"auct.", "author":["unknown"]}}}}
Lachenalia tricolor var. nelsonii (anon.) Baker|{"scientificName":{"parsed":true, "verbatim":"Lachenalia tricolor var. nelsonii (anon.) Baker", "normalized":"Lachenalia tricolor var. nelsonii (anon.) Baker", "canonical":"Lachenalia tricolor nelsonii", "genus":{"epitheton":"Lachenalia"}, "species":{"epitheton":"tricolor"}, "infraspecies":{"epitheton":"nelsonii", "rank":"var.", "authorship":"(anon.) Baker", "combinationAuthorTeam":{"authorTeam":"Baker", "author":["Baker"]}, "basionymAuthorTeam":{"authorTeam":"anon.", "author":["unknown"]}}}}
Lachenalia tricolor var. nelsonii (ht.) Baker|{"scientificName":{"parsed":true, "verbatim":"Lachenalia tricolor var. nelsonii (ht.) Baker", "normalized":"Lachenalia tricolor var. nelsonii (ht.) Baker", "canonical":"Lachenalia tricolor nelsonii", "genus":{"epitheton":"Lachenalia"}, "species":{"epitheton":"tricolor"}, "infraspecies":{"epitheton":"nelsonii", "rank":"var.", "authorship":"(ht.) Baker", "combinationAuthorTeam":{"authorTeam":"Baker", "author":["Baker"]}, "basionymAuthorTeam":{"authorTeam":"ht.", "author":["unknown"]}}}}
Lachenalia tricolor var. nelsonii (hort.) Baker|{"scientificName":{"parsed":true, "verbatim":"Lachenalia tricolor var. nelsonii (hort.) Baker", "normalized":"Lachenalia tricolor var. nelsonii (hort.) Baker", "canonical":"Lachenalia tricolor nelsonii", "genus":{"epitheton":"Lachenalia"}, "species":{"epitheton":"tricolor"}, "infraspecies":{"epitheton":"nelsonii", "rank":"var.", "authorship":"(hort.) Baker", "combinationAuthorTeam":{"authorTeam":"Baker", "author":["Baker"]}, "basionymAuthorTeam":{"authorTeam":"hort.", "author":["unknown"]}}}}
Puya acris ht.|{"scientificName":{"parsed":true, "verbatim":"Puya acris ht.", "normalized":"Puya acris ht.", "canonical":"Puya acris", "genus":{"epitheton":"Puya"}, "species":{"epitheton":"acris", "authorship":"ht.", "basionymAuthorTeam":{"authorTeam":"ht.", "author":["unknown"]}}}}
Puya acris anon.|{"scientificName":{"parsed":true, "verbatim":"Puya acris anon.", "normalized":"Puya acris anon.", "canonical":"Puya acris", "genus":{"epitheton":"Puya"}, "species":{"epitheton":"acris", "authorship":"anon.", "basionymAuthorTeam":{"authorTeam":"anon.", "author":["unknown"]}}}}
Puya acris hort.|{"scientificName":{"parsed":true, "verbatim":"Puya acris hort.", "normalized":"Puya acris hort.", "canonical":"Puya acris", "genus":{"epitheton":"Puya"}, "species":{"epitheton":"acris", "authorship":"hort.", "basionymAuthorTeam":{"authorTeam":"hort.", "author":["unknown"]}}}}
Puya acris auct.|{"scientificName":{"parsed":true, "verbatim":"Puya acris auct.", "normalized":"Puya acris auct.", "canonical":"Puya acris", "genus":{"epitheton":"Puya"}, "species":{"epitheton":"acris", "authorship":"auct.", "basionymAuthorTeam":{"authorTeam":"auct.", "author":["unknown"]}}}} 

#miscellaneous names
Fagus sylvatica subsp. orientalis (Lipsky) Greuter & Burdet|{"scientificName":{"parsed":true, "verbatim":"Fagus sylvatica subsp. orientalis (Lipsky) Greuter & Burdet", "normalized":"Fagus sylvatica subsp. orientalis (Lipsky) Greuter et Burdet", "canonical":"Fagus sylvatica orientalis", "genus":{"epitheton":"Fagus"}, "species":{"epitheton":"sylvatica"}, "infraspecies":{"epitheton":"orientalis", "rank":"subsp.", "authorship":"(Lipsky) Greuter & Burdet", "combinationAuthorTeam":{"authorTeam":"Greuter & Burdet", "author":["Greuter", "Burdet"]}, "basionymAuthorTeam":{"authorTeam":"Lipsky", "author":["Lipsky"]}}}}
Stagonospora polyspora M.T. Lucas & Sousa da Câmara 1934|{"scientificName":{"parsed":true, "verbatim":"Stagonospora polyspora M.T. Lucas & Sousa da Câmara 1934", "normalized":"Stagonospora polyspora M.T. Lucas et Sousa da Câmara 1934", "canonical":"Stagonospora polyspora", "genus":{"epitheton":"Stagonospora"}, "species":{"epitheton":"polyspora", "authorship":"M.T. Lucas & Sousa da Câmara 1934", "basionymAuthorTeam":{"authorTeam":"M.T. Lucas & Sousa da Câmara", "author":["M.T. Lucas", "Sousa da Câmara"], "year":"1934"}}}}
Stagonospora polyspora M.T. Lucas et Sousa da Câmara 1934|{"scientificName":{"parsed":true, "verbatim":"Stagonospora polyspora M.T. Lucas et Sousa da Câmara 1934", "normalized":"Stagonospora polyspora M.T. Lucas et Sousa da Câmara 1934", "canonical":"Stagonospora polyspora", "genus":{"epitheton":"Stagonospora"}, "species":{"epitheton":"polyspora", "authorship":"M.T. Lucas et Sousa da Câmara 1934", "basionymAuthorTeam":{"authorTeam":"M.T. Lucas et Sousa da Câmara", "author":["M.T. Lucas", "Sousa da Câmara"], "year":"1934"}}}}
Cladoniicola staurospora Diederich, van den Boom & Aptroot 2001|{"scientificName":{"parsed":true, "verbatim":"Cladoniicola staurospora Diederich, van den Boom & Aptroot 2001", "normalized":"Cladoniicola staurospora Diederich, van den Boom et Aptroot 2001", "canonical":"Cladoniicola staurospora", "genus":{"epitheton":"Cladoniicola"}, "species":{"epitheton":"staurospora", "authorship":"Diederich, van den Boom & Aptroot 2001", "basionymAuthorTeam":{"authorTeam":"Diederich, van den Boom & Aptroot", "author":["Diederich", "van den Boom", "Aptroot"], "year":"2001"}}}}
Yarrowia lipolytica var. lipolytica (Wick., Kurtzman & E.A. Herrm.) Van der Walt & Arx 1981|{"scientificName":{"parsed":true, "verbatim":"Yarrowia lipolytica var. lipolytica (Wick., Kurtzman & E.A. Herrm.) Van der Walt & Arx 1981", "normalized":"Yarrowia lipolytica var. lipolytica (Wick., Kurtzman et E.A. Herrm.) Van der Walt et Arx 1981", "canonical":"Yarrowia lipolytica lipolytica", "genus":{"epitheton":"Yarrowia"}, "species":{"epitheton":"lipolytica"}, "infraspecies":{"epitheton":"lipolytica", "rank":"var.", "authorship":"(Wick., Kurtzman & E.A. Herrm.) Van der Walt & Arx 1981", "combinationAuthorTeam":{"authorTeam":"Van der Walt & Arx", "author":["Van der Walt", "Arx"], "year":"1981"}, "basionymAuthorTeam":{"authorTeam":"Wick., Kurtzman & E.A. Herrm.", "author":["Wick.", "Kurtzman", "E.A. Herrm."]}}}}
Physalospora rubiginosa (Fr.) anon.|{"scientificName":{"parsed":true, "verbatim":"Physalospora rubiginosa (Fr.) anon.", "normalized":"Physalospora rubiginosa (Fr.) anon.", "canonical":"Physalospora rubiginosa", "genus":{"epitheton":"Physalospora"}, "species":{"epitheton":"rubiginosa", "authorship":"(Fr.) anon.", "combinationAuthorTeam":{"authorTeam":"anon.", "author":["unknown"]}, "basionymAuthorTeam":{"authorTeam":"Fr.", "author":["Fr."]}}}}
Pleurotus ëous (Berk.) Sacc. 1887|{"scientificName":{"parsed":true, "verbatim":"Pleurotus ëous (Berk.) Sacc. 1887", "normalized":"Pleurotus ëous (Berk.) Sacc. 1887", "canonical":"Pleurotus ëous", "genus":{"epitheton":"Pleurotus"}, "species":{"epitheton":"ëous", "authorship":"(Berk.) Sacc. 1887", "combinationAuthorTeam":{"authorTeam":"Sacc.", "author":["Sacc."], "year":"1887"}, "basionymAuthorTeam":{"authorTeam":"Berk.", "author":["Berk."]}}}}
Lecanora wetmorei Śliwa 2004|{"scientificName":{"parsed":true, "verbatim":"Lecanora wetmorei Śliwa 2004", "normalized":"Lecanora wetmorei Śliwa 2004", "canonical":"Lecanora wetmorei", "genus":{"epitheton":"Lecanora"}, "species":{"epitheton":"wetmorei", "authorship":"Śliwa 2004", "basionymAuthorTeam":{"authorTeam":"Śliwa", "author":["Śliwa"], "year":"2004"}}}}
Calicium furfuraceum * furfuraceum (L.) Pers. 1797|{"scientificName":{"parsed":true, "verbatim":"Calicium furfuraceum * furfuraceum (L.) Pers. 1797", "normalized":"Calicium furfuraceum * furfuraceum (L.) Pers. 1797", "canonical":"Calicium furfuraceum furfuraceum", "genus":{"epitheton":"Calicium"}, "species":{"epitheton":"furfuraceum"}, "infraspecies":{"epitheton":"furfuraceum", "rank":"*", "authorship":"(L.) Pers. 1797", "combinationAuthorTeam":{"authorTeam":"Pers.", "author":["Pers."], "year":"1797"}, "basionymAuthorTeam":{"authorTeam":"L.", "author":["L."]}}}}
Exobasidium vaccinii ** andromedae (P. Karst.) P. Karst. 1882|{"scientificName":{"parsed":true, "verbatim":"Exobasidium vaccinii ** andromedae (P. Karst.) P. Karst. 1882", "normalized":"Exobasidium vaccinii ** andromedae (P. Karst.) P. Karst. 1882", "canonical":"Exobasidium vaccinii andromedae", "genus":{"epitheton":"Exobasidium"}, "species":{"epitheton":"vaccinii"}, "infraspecies":{"epitheton":"andromedae", "rank":"**", "authorship":"(P. Karst.) P. Karst. 1882", "combinationAuthorTeam":{"authorTeam":"P. Karst.", "author":["P. Karst."], "year":"1882"}, "basionymAuthorTeam":{"authorTeam":"P. Karst.", "author":["P. Karst."]}}}}
Urceolaria scruposa **** clausa Flot. 1849|{"scientificName":{"parsed":true, "verbatim":"Urceolaria scruposa **** clausa Flot. 1849", "normalized":"Urceolaria scruposa **** clausa Flot. 1849", "canonical":"Urceolaria scruposa clausa", "genus":{"epitheton":"Urceolaria"}, "species":{"epitheton":"scruposa"}, "infraspecies":{"epitheton":"clausa", "rank":"****", "authorship":"Flot. 1849", "basionymAuthorTeam":{"authorTeam":"Flot.", "author":["Flot."], "year":"1849"}}}}
Cortinarius angulatus B gracilescens Fr. 1838|{"scientificName":{"parsed":true, "verbatim":"Cortinarius angulatus B gracilescens Fr. 1838", "normalized":"Cortinarius angulatus B gracilescens Fr. 1838", "canonical":"Cortinarius angulatus gracilescens", "genus":{"epitheton":"Cortinarius"}, "species":{"epitheton":"angulatus", "authorship":"B", "basionymAuthorTeam":{"authorTeam":"B", "author":["B"]}}, "infraspecies":{"epitheton":"gracilescens", "rank":"n/a", "authorship":"Fr. 1838", "basionymAuthorTeam":{"authorTeam":"Fr.", "author":["Fr."], "year":"1838"}}}}
Cyathicula scelobelonium|{"scientificName":{"parsed":true, "verbatim":"Cyathicula scelobelonium", "normalized":"Cyathicula scelobelonium", "canonical":"Cyathicula scelobelonium", "genus":{"epitheton":"Cyathicula"}, "species":{"epitheton":"scelobelonium"}}}
Tuber liui A S. Xu 1999|{"scientificName":{"parsed":true, "verbatim":"Tuber liui A S. Xu 1999", "normalized":"Tuber liui A S. Xu 1999", "canonical":"Tuber liui", "genus":{"epitheton":"Tuber"}, "species":{"epitheton":"liui", "authorship":"A S. Xu 1999", "basionymAuthorTeam":{"authorTeam":"A S. Xu", "author":["A S. Xu"], "year":"1999"}}}}
Xylaria potentillae A S. Xu|{"scientificName":{"parsed":true, "verbatim":"Xylaria potentillae A S. Xu", "normalized":"Xylaria potentillae A S. Xu", "canonical":"Xylaria potentillae", "genus":{"epitheton":"Xylaria"}, "species":{"epitheton":"potentillae", "authorship":"A S. Xu", "basionymAuthorTeam":{"authorTeam":"A S. Xu", "author":["A S. Xu"]}}}}
Agaricus squamula Berk. & M.A. Curtis 1860|{"scientificName":{"parsed":true, "verbatim":"Agaricus squamula Berk. & M.A. Curtis 1860", "normalized":"Agaricus squamula Berk. et M.A. Curtis 1860", "canonical":"Agaricus squamula", "genus":{"epitheton":"Agaricus"}, "species":{"epitheton":"squamula", "authorship":"Berk. & M.A. Curtis 1860", "basionymAuthorTeam":{"authorTeam":"Berk. & M.A. Curtis", "author":["Berk.", "M.A. Curtis"], "year":"1860"}}}}
Peltula coriacea Büdel, Henssen & Wessels 1986|{"scientificName":{"parsed":true, "verbatim":"Peltula coriacea Büdel, Henssen & Wessels 1986", "normalized":"Peltula coriacea Büdel, Henssen et Wessels 1986", "canonical":"Peltula coriacea", "genus":{"epitheton":"Peltula"}, "species":{"epitheton":"coriacea", "authorship":"Büdel, Henssen & Wessels 1986", "basionymAuthorTeam":{"authorTeam":"Büdel, Henssen & Wessels", "author":["Büdel", "Henssen", "Wessels"], "year":"1986"}}}}
Saccharomyces drosophilae anon.|{"scientificName":{"parsed":true, "verbatim":"Saccharomyces drosophilae anon.", "normalized":"Saccharomyces drosophilae anon.", "canonical":"Saccharomyces drosophilae", "genus":{"epitheton":"Saccharomyces"}, "species":{"epitheton":"drosophilae", "authorship":"anon.", "basionymAuthorTeam":{"authorTeam":"anon.", "author":["unknown"]}}}}
Abacetus laevicollis de Chaudoir, 1869|{"scientificName":{"parsed":true, "verbatim":"Abacetus laevicollis de Chaudoir, 1869", "normalized":"Abacetus laevicollis de Chaudoir 1869", "canonical":"Abacetus laevicollis", "genus":{"epitheton":"Abacetus"}, "species":{"epitheton":"laevicollis", "authorship":"de Chaudoir, 1869", "basionymAuthorTeam":{"authorTeam":"de Chaudoir", "author":["de Chaudoir"], "year":"1869"}}}}
Gastrosericus eremorum von Beaumont 1955|{"scientificName":{"parsed":true, "verbatim":"Gastrosericus eremorum von Beaumont 1955", "normalized":"Gastrosericus eremorum von Beaumont 1955", "canonical":"Gastrosericus eremorum", "genus":{"epitheton":"Gastrosericus"}, "species":{"epitheton":"eremorum", "authorship":"von Beaumont 1955", "basionymAuthorTeam":{"authorTeam":"von Beaumont", "author":["von Beaumont"], "year":"1955"}}}}
Cypraeovula (Luponia) amphithales perdentata|{"scientificName":{"parsed":true, "verbatim":"Cypraeovula (Luponia) amphithales perdentata", "normalized":"Cypraeovula (Luponia) amphithales perdentata", "canonical":"Cypraeovula Luponia amphithales perdentata", "genus":{"epitheton":"Cypraeovula"}, "subgenus":{"epitheton":"Luponia"}, "species":{"epitheton":"amphithales"}, "infraspecies":{"epitheton":"perdentata", "rank":"n/a"}}}
Polyrhachis orsyllus nat musculus Forel 1901|{"scientificName":{"parsed":true, "verbatim":"Polyrhachis orsyllus nat musculus Forel 1901", "normalized":"Polyrhachis orsyllus nat musculus Forel 1901", "canonical":"Polyrhachis orsyllus musculus", "genus":{"epitheton":"Polyrhachis"}, "species":{"epitheton":"orsyllus"}, "infraspecies":{"epitheton":"musculus", "rank":"nat", "authorship":"Forel 1901", "basionymAuthorTeam":{"authorTeam":"Forel", "author":["Forel"], "year":"1901"}}}}
Latrodectus 13-guttatus Thorell, 1875|{"scientificName":{"parsed":true, "verbatim":"Latrodectus 13-guttatus Thorell, 1875", "normalized":"Latrodectus 13-guttatus Thorell 1875", "canonical":"Latrodectus 13-guttatus", "genus":{"epitheton":"Latrodectus"}, "species":{"epitheton":"13-guttatus", "authorship":"Thorell, 1875", "basionymAuthorTeam":{"authorTeam":"Thorell", "author":["Thorell"], "year":"1875"}}}}
Latrodectus 3-guttatus Thorell 1875|{"scientificName":{"parsed":true, "verbatim":"Latrodectus 3-guttatus Thorell 1875", "normalized":"Latrodectus 3-guttatus Thorell 1875", "canonical":"Latrodectus 3-guttatus", "genus":{"epitheton":"Latrodectus"}, "species":{"epitheton":"3-guttatus", "authorship":"Thorell 1875", "basionymAuthorTeam":{"authorTeam":"Thorell", "author":["Thorell"], "year":"1875"}}}}

#names with status at the end
Arthopyrenia hyalospora (Nyl.) R.C. Harris comb. nov.|{"scientificName":{"parsed":true, "verbatim":"Arthopyrenia hyalospora (Nyl.) R.C. Harris comb. nov.", "normalized":"Arthopyrenia hyalospora (Nyl.) R.C. Harris comb. nov.", "canonical":"Arthopyrenia hyalospora", "genus":{"epitheton":"Arthopyrenia"}, "species":{"epitheton":"hyalospora", "authorship":"(Nyl.) R.C. Harris", "combinationAuthorTeam":{"authorTeam":"R.C. Harris ", "author":["R.C. Harris"]}, "basionymAuthorTeam":{"authorTeam":"Nyl.", "author":["Nyl."]}}, "status":"comb. nov."}}

#names with ex authors
Arthopyrenia hyalospora (Nyl. ex Banker) R.C. Harris|{"scientificName":{"parsed":true, "verbatim":"Arthopyrenia hyalospora (Nyl. ex Banker) R.C. Harris", "normalized":"Arthopyrenia hyalospora (Nyl. ex Banker) R.C. Harris", "canonical":"Arthopyrenia hyalospora", "genus":{"epitheton":"Arthopyrenia"}, "species":{"epitheton":"hyalospora", "authorship":"(Nyl. ex Banker) R.C. Harris", "combinationAuthorTeam":{"authorTeam":"R.C. Harris", "author":["R.C. Harris"]}, "basionymAuthorTeam":{"authorTeam":"Nyl.", "author":["Nyl."], "exAuthorTeam":{"authorTeam":"Banker", "author":["Banker"]}}}}}
Arthopyrenia hyalospora Nyl. ex Banker|{"scientificName":{"parsed":true, "verbatim":"Arthopyrenia hyalospora Nyl. ex Banker", "normalized":"Arthopyrenia hyalospora Nyl. ex Banker", "canonical":"Arthopyrenia hyalospora", "genus":{"epitheton":"Arthopyrenia"}, "species":{"epitheton":"hyalospora", "authorship":"Nyl. ex Banker", "basionymAuthorTeam":{"authorTeam":"Nyl.", "author":["Nyl."], "exAuthorTeam":{"authorTeam":"Banker", "author":["Banker"]}}}}}
Glomopsis lonicerae Peck ex C.J. Gould 1945|{"scientificName":{"parsed":true, "verbatim":"Glomopsis lonicerae Peck ex C.J. Gould 1945", "normalized":"Glomopsis lonicerae Peck ex C.J. Gould 1945", "canonical":"Glomopsis lonicerae", "genus":{"epitheton":"Glomopsis"}, "species":{"epitheton":"lonicerae", "authorship":"Peck ex C.J. Gould 1945", "basionymAuthorTeam":{"authorTeam":"Peck", "author":["Peck"], "exAuthorTeam":{"authorTeam":"C.J. Gould", "author":["C.J. Gould"], "year":"1945"}}}}}
Acanthobasidium delicatum (Wakef.) Oberw. ex Jülich 1979|{"scientificName":{"parsed":true, "verbatim":"Acanthobasidium delicatum (Wakef.) Oberw. ex Jülich 1979", "normalized":"Acanthobasidium delicatum (Wakef.) Oberw. ex Jülich 1979", "canonical":"Acanthobasidium delicatum", "genus":{"epitheton":"Acanthobasidium"}, "species":{"epitheton":"delicatum", "authorship":"(Wakef.) Oberw. ex Jülich 1979", "combinationAuthorTeam":{"authorTeam":"Oberw.", "author":["Oberw."], "exAuthorTeam":{"authorTeam":"Jülich", "author":["Jülich"], "year":"1979"}}, "basionymAuthorTeam":{"authorTeam":"Wakef.", "author":["Wakef."]}}}}
Mycosphaerella eryngii (Fr. ex Duby) Johanson ex Oudem. 1897|{"scientificName":{"parsed":true, "verbatim":"Mycosphaerella eryngii (Fr. ex Duby) Johanson ex Oudem. 1897", "normalized":"Mycosphaerella eryngii (Fr. ex Duby) Johanson ex Oudem. 1897", "canonical":"Mycosphaerella eryngii", "genus":{"epitheton":"Mycosphaerella"}, "species":{"epitheton":"eryngii", "authorship":"(Fr. ex Duby) Johanson ex Oudem. 1897", "combinationAuthorTeam":{"authorTeam":"Johanson", "author":["Johanson"], "exAuthorTeam":{"authorTeam":"Oudem.", "author":["Oudem."], "year":"1897"}}, "basionymAuthorTeam":{"authorTeam":"Fr.", "author":["Fr."], "exAuthorTeam":{"authorTeam":"Duby", "author":["Duby"]}}}}}
Mycosphaerella eryngii (Fr. Duby) ex Oudem. 1897|{"scientificName":{"parsed":true, "verbatim":"Mycosphaerella eryngii (Fr. Duby) ex Oudem. 1897", "normalized":"Mycosphaerella eryngii (Fr. Duby) ex Oudem. 1897", "canonical":"Mycosphaerella eryngii ex", "genus":{"epitheton":"Mycosphaerella"}, "species":{"epitheton":"eryngii", "authorship":"(Fr. Duby)", "basionymAuthorTeam":{"authorTeam":"Fr. Duby", "author":["Fr. Duby"]}}, "infraspecies":{"epitheton":"ex", "rank":"n/a", "authorship":"Oudem. 1897", "basionymAuthorTeam":{"authorTeam":"Oudem.", "author":["Oudem."], "year":"1897"}}}}
Mycosphaerella eryngii (Fr.ex Duby) ex Oudem. 1897|{"scientificName":{"parsed":true, "verbatim":"Mycosphaerella eryngii (Fr.ex Duby) ex Oudem. 1897", "normalized":"Mycosphaerella eryngii (Fr.ex Duby) ex Oudem. 1897", "canonical":"Mycosphaerella eryngii ex", "genus":{"epitheton":"Mycosphaerella"}, "species":{"epitheton":"eryngii", "authorship":"(Fr.ex Duby)", "basionymAuthorTeam":{"authorTeam":"Fr.ex Duby", "author":["Fr.ex Duby"]}}, "infraspecies":{"epitheton":"ex", "rank":"n/a", "authorship":"Oudem. 1897", "basionymAuthorTeam":{"authorTeam":"Oudem.", "author":["Oudem."], "year":"1897"}}}}
Salmonella werahensis (Castellani) Hauduroy and Ehringer in Hauduroy 1937|{"scientificName":{"parsed":true, "verbatim":"Salmonella werahensis (Castellani) Hauduroy and Ehringer in Hauduroy 1937", "normalized":"Salmonella werahensis (Castellani) Hauduroy et Ehringer ex Hauduroy 1937", "canonical":"Salmonella werahensis", "genus":{"epitheton":"Salmonella"}, "species":{"epitheton":"werahensis", "authorship":"(Castellani) Hauduroy and Ehringer in Hauduroy 1937", "combinationAuthorTeam":{"authorTeam":"Hauduroy and Ehringer", "author":["Hauduroy", "Ehringer"], "exAuthorTeam":{"authorTeam":"Hauduroy", "author":["Hauduroy"], "year":"1937"}}, "basionymAuthorTeam":{"authorTeam":"Castellani", "author":["Castellani"]}}}}

#named hybrids
×Agropogon P. Fourn. 1934|{"scientificName":{"parsed":true, "verbatim":"×Agropogon P. Fourn. 1934", "normalized":"× Agropogon P. Fourn. 1934", "canonical":"Agropogon", "namedHybrid":{"uninomial":{"epitheton":"Agropogon", "authorship":"P. Fourn. 1934", "basionymAuthorTeam":{"authorTeam":"P. Fourn.", "author":["P. Fourn."], "year":"1934"}}}}}
xAgropogon P. Fourn.|{"scientificName":{"parsed":true, "verbatim":"xAgropogon P. Fourn.", "normalized":"× Agropogon P. Fourn.", "canonical":"Agropogon", "namedHybrid":{"uninomial":{"epitheton":"Agropogon", "authorship":"P. Fourn.", "basionymAuthorTeam":{"authorTeam":"P. Fourn.", "author":["P. Fourn."]}}}}}
XAgropogon P.Fourn.|{"scientificName":{"parsed":true, "verbatim":"XAgropogon P.Fourn.", "normalized":"× Agropogon P.Fourn.", "canonical":"Agropogon", "namedHybrid":{"uninomial":{"epitheton":"Agropogon", "authorship":"P.Fourn.", "basionymAuthorTeam":{"authorTeam":"P.Fourn.", "author":["P.Fourn."]}}}}}
× Agropogon|{"scientificName":{"parsed":true, "verbatim":"× Agropogon", "normalized":"× Agropogon", "canonical":"Agropogon", "namedHybrid":{"uninomial":{"epitheton":"Agropogon"}}}}
x Agropogon|{"scientificName":{"parsed":true, "verbatim":"x Agropogon", "normalized":"× Agropogon", "canonical":"Agropogon", "namedHybrid":{"uninomial":{"epitheton":"Agropogon"}}}}
X Agropogon|{"scientificName":{"parsed":true, "verbatim":"X Agropogon", "normalized":"× Agropogon", "canonical":"Agropogon", "namedHybrid":{"uninomial":{"epitheton":"Agropogon"}}}}
X Cupressocyparis leylandii|{"scientificName":{"parsed":true, "verbatim":"X Cupressocyparis leylandii", "normalized":"× Cupressocyparis leylandii", "canonical":"Cupressocyparis leylandii", "namedHybrid":{"genus":{"epitheton":"Cupressocyparis"}, "species":{"epitheton":"leylandii"}}}}
×Heucherella tiarelloides|{"scientificName":{"parsed":true, "verbatim":"×Heucherella tiarelloides", "normalized":"× Heucherella tiarelloides", "canonical":"Heucherella tiarelloides", "namedHybrid":{"genus":{"epitheton":"Heucherella"}, "species":{"epitheton":"tiarelloides"}}}}
xHeucherella tiarelloides|{"scientificName":{"parsed":true, "verbatim":"xHeucherella tiarelloides", "normalized":"× Heucherella tiarelloides", "canonical":"Heucherella tiarelloides", "namedHybrid":{"genus":{"epitheton":"Heucherella"}, "species":{"epitheton":"tiarelloides"}}}}
x Heucherella tiarelloides|{"scientificName":{"parsed":true, "verbatim":"x Heucherella tiarelloides", "normalized":"× Heucherella tiarelloides", "canonical":"Heucherella tiarelloides", "namedHybrid":{"genus":{"epitheton":"Heucherella"}, "species":{"epitheton":"tiarelloides"}}}}
×Agropogon littoralis (Sm.) C. E. Hubb. 1946|{"scientificName":{"parsed":true, "verbatim":"×Agropogon littoralis (Sm.) C. E. Hubb. 1946", "normalized":"× Agropogon littoralis (Sm.) C. E. Hubb. 1946", "canonical":"Agropogon littoralis", "namedHybrid":{"genus":{"epitheton":"Agropogon"}, "species":{"epitheton":"littoralis", "authorship":"(Sm.) C. E. Hubb. 1946", "combinationAuthorTeam":{"authorTeam":"C. E. Hubb.", "author":["C. E. Hubb."], "year":"1946"}, "basionymAuthorTeam":{"authorTeam":"Sm.", "author":["Sm."]}}}}}
Asplenium X inexpectatum (E.L. Braun 1940) Morton (1956)|{"scientificName":{"parsed":true, "verbatim":"Asplenium X inexpectatum (E.L. Braun 1940) Morton (1956)", "normalized":"Asplenium × inexpectatum (E.L. Braun 1940) Morton 1956", "canonical":"Asplenium inexpectatum", "namedHybrid":{"genus":{"epitheton":"Asplenium"}, "species":{"epitheton":"inexpectatum", "authorship":"(E.L. Braun 1940) Morton (1956)", "combinationAuthorTeam":{"authorTeam":"Morton", "author":["Morton"], "year":"1956"}, "basionymAuthorTeam":{"authorTeam":"E.L. Braun", "author":["E.L. Braun"], "year":"1940"}}}}}
Mentha ×smithiana R. A. Graham 1949|{"scientificName":{"parsed":true, "verbatim":"Mentha ×smithiana R. A. Graham 1949", "normalized":"Mentha × smithiana R. A. Graham 1949", "canonical":"Mentha smithiana", "namedHybrid":{"genus":{"epitheton":"Mentha"}, "species":{"epitheton":"smithiana", "authorship":"R. A. Graham 1949", "basionymAuthorTeam":{"authorTeam":"R. A. Graham", "author":["R. A. Graham"], "year":"1949"}}}}}
Salix ×capreola Andersson (1867)|{"scientificName":{"parsed":true, "verbatim":"Salix ×capreola Andersson (1867)", "normalized":"Salix × capreola Andersson 1867", "canonical":"Salix capreola", "namedHybrid":{"genus":{"epitheton":"Salix"}, "species":{"epitheton":"capreola", "authorship":"Andersson (1867)", "basionymAuthorTeam":{"authorTeam":"Andersson", "author":["Andersson"], "year":"1867"}}}}}
Salix x capreola Andersson|{"scientificName":{"parsed":true, "verbatim":"Salix x capreola Andersson", "normalized":"Salix × capreola Andersson", "canonical":"Salix capreola", "namedHybrid":{"genus":{"epitheton":"Salix"}, "species":{"epitheton":"capreola", "authorship":"Andersson", "basionymAuthorTeam":{"authorTeam":"Andersson", "author":["Andersson"]}}}}}

#hybrid formula
Arthopyrenia hyalospora X Hydnellum scrobiculatum|{"scientificName":{"parsed":true, "verbatim":"Arthopyrenia hyalospora X Hydnellum scrobiculatum", "normalized":"Arthopyrenia hyalospora × Hydnellum scrobiculatum", "canonical":"Arthopyrenia hyalospora Hydnellum scrobiculatum", "hybridFormula":[{"genus":{"epitheton":"Arthopyrenia"}, "species":{"epitheton":"hyalospora"}}, {"genus":{"epitheton":"Hydnellum"}, "species":{"epitheton":"scrobiculatum"}}]}}
Arthopyrenia hyalospora (Banker) D. Hall X Hydnellum scrobiculatum D.E. Stuntz|{"scientificName":{"parsed":true, "verbatim":"Arthopyrenia hyalospora (Banker) D. Hall X Hydnellum scrobiculatum D.E. Stuntz", "normalized":"Arthopyrenia hyalospora (Banker) D. Hall × Hydnellum scrobiculatum D.E. Stuntz", "canonical":"Arthopyrenia hyalospora Hydnellum scrobiculatum", "hybridFormula":[{"genus":{"epitheton":"Arthopyrenia"}, "species":{"epitheton":"hyalospora", "authorship":"(Banker) D. Hall", "combinationAuthorTeam":{"authorTeam":"D. Hall ", "author":["D. Hall"]}, "basionymAuthorTeam":{"authorTeam":"Banker", "author":["Banker"]}}}, {"genus":{"epitheton":"Hydnellum"}, "species":{"epitheton":"scrobiculatum", "authorship":"D.E. Stuntz", "basionymAuthorTeam":{"authorTeam":"D.E. Stuntz", "author":["D.E. Stuntz"]}}}]}}
Arthopyrenia hyalospora x|{"scientificName":{"parsed":true, "verbatim":"Arthopyrenia hyalospora x", "normalized":"Arthopyrenia hyalospora × ?", "canonical":"Arthopyrenia hyalospora", "hybridFormula":[{"genus":{"epitheton":"Arthopyrenia"}, "species":{"epitheton":"hyalospora"}}, "?"]}}
Arthopyrenia hyalospora × ?|{"scientificName":{"parsed":true, "verbatim":"Arthopyrenia hyalospora × ?", "normalized":"Arthopyrenia hyalospora × ?", "canonical":"Arthopyrenia hyalospora", "hybridFormula":[{"genus":{"epitheton":"Arthopyrenia"}, "species":{"epitheton":"hyalospora"}}, "?"]}}
Agrostis L. × Polypogon Desf.|{"scientificName":{"parsed":true, "verbatim":"Agrostis L. × Polypogon Desf.", "normalized":"Agrostis L. × Polypogon Desf.", "canonical":"Agrostis Polypogon", "hybridFormula":[{"uninomial":{"epitheton":"Agrostis", "authorship":"L.", "basionymAuthorTeam":{"authorTeam":"L.", "author":["L."]}}}, {"uninomial":{"epitheton":"Polypogon", "authorship":"Desf.", "basionymAuthorTeam":{"authorTeam":"Desf.", "author":["Desf."]}}}]}}
Agrostis stolonifera L. × Polypogon monspeliensis (L.) Desf.|{"scientificName":{"parsed":true, "verbatim":"Agrostis stolonifera L. × Polypogon monspeliensis (L.) Desf.", "normalized":"Agrostis stolonifera L. × Polypogon monspeliensis (L.) Desf.", "canonical":"Agrostis stolonifera Polypogon monspeliensis", "hybridFormula":[{"genus":{"epitheton":"Agrostis"}, "species":{"epitheton":"stolonifera", "authorship":"L.", "basionymAuthorTeam":{"authorTeam":"L.", "author":["L."]}}}, {"genus":{"epitheton":"Polypogon"}, "species":{"epitheton":"monspeliensis", "authorship":"(L.) Desf.", "combinationAuthorTeam":{"authorTeam":"Desf.", "author":["Desf."]}, "basionymAuthorTeam":{"authorTeam":"L.", "author":["L."]}}}]}}
#TODO Asplenium rhizophyllum X A. ruta-muraria E.L. Braun 1939|''
#TODO Asplenium rhizophyllum DC. x ruta-muraria E.L. Braun 1939|''
#TODO Asplenium rhizophyllum x ruta-muraria|''
#TODO Salix aurita L. × S. caprea L.|''
#TODO Mentha aquatica L. × M. arvensis L. × M. spicata L.|''
#TODO Polypodium vulgare subsp. prionodes (Asch.) Rothm. × subsp. vulgare|''
#TODO Tilletia caries (Bjerk.) Tul. × T. foetida (Wallr.) Liro.|''
Polypodium  x vulgare nothosubsp. mantoniae (Rothm.) Schidlay|{"scientificName":{"parsed":true, "verbatim":"Polypodium  x vulgare nothosubsp. mantoniae (Rothm.) Schidlay", "normalized":"Polypodium × vulgare nothosubsp. mantoniae (Rothm.) Schidlay", "canonical":"Polypodium vulgare mantoniae", "namedHybrid":{"genus":{"epitheton":"Polypodium"}, "species":{"epitheton":"vulgare"}, "infraspecies":{"epitheton":"mantoniae", "rank":"nothosubsp.", "authorship":"(Rothm.) Schidlay", "combinationAuthorTeam":{"authorTeam":"Schidlay", "author":["Schidlay"]}, "basionymAuthorTeam":{"authorTeam":"Rothm.", "author":["Rothm."]}}}}}
#concepts
Senecio jacquinianus sec. Rchb.|{"scientificName":{"parsed":true, "verbatim":"Senecio jacquinianus sec. Rchb.", "normalized":"Senecio jacquinianus sec. Rchb.", "canonical":"Senecio jacquinianus", "genus":{"epitheton":"Senecio"}, "species":{"epitheton":"jacquinianus"}, "taxon_concept":{"authorship":"Rchb.", "basionymAuthorTeam":{"authorTeam":"Rchb.", "author":["Rchb."]}}}}
#TODO Senecio legionensis sensu Samp., non Lange|{}
#TODO Pseudomonas methanica (Söhngen 1906) sensu. Dworkin and Foster 1956|{}

#empty spaces
   Asplenium         Xinexpectatum ( E.L.      Braun   1940 )     Morton(1956)   |{"scientificName":{"parsed":true, "verbatim":"   Asplenium         Xinexpectatum ( E.L.      Braun   1940 )     Morton(1956)   ", "normalized":"Asplenium × inexpectatum (E.L. Braun 1940) Morton 1956", "canonical":"Asplenium inexpectatum", "namedHybrid":{"genus":{"epitheton":"Asplenium"}, "species":{"epitheton":"inexpectatum", "authorship":"( E.L.      Braun   1940 )     Morton(1956)", "combinationAuthorTeam":{"authorTeam":"Morton", "author":["Morton"], "year":"1956"}, "basionymAuthorTeam":{"authorTeam":"E.L.      Braun", "author":["E.L. Braun"], "year":"1940"}}}}}
   
   
####
#
# Names with problems
#
####

#double parenthesis
Eichornia crassipes ( (Martius) ) Solms-Laub.|{"scientificName":{"parsed":true, "verbatim":"Eichornia crassipes ( (Martius) ) Solms-Laub.", "normalized":"Eichornia crassipes (Martius) Solms-Laub.", "canonical":"Eichornia crassipes", "genus":{"epitheton":"Eichornia"}, "species":{"epitheton":"crassipes", "authorship":"( (Martius) ) Solms-Laub.", "combinationAuthorTeam":{"authorTeam":"Solms-Laub.", "author":["Solms-Laub."]}, "basionymAuthorTeam":{"authorTeam":"Martius", "author":["Martius"]}}}}

#year without authorship
Acarospora cratericola 1929|{"scientificName":{"parsed":true, "verbatim":"Acarospora cratericola 1929", "normalized":"Acarospora cratericola 1929", "canonical":"Acarospora cratericola", "genus":{"epitheton":"Acarospora"}, "species":{"epitheton":"cratericola", "year":"1929"}}}


#year range
Tridentella tangeroae Bruce, 1987-92|{"scientificName":{"parsed":true, "verbatim":"Tridentella tangeroae Bruce, 1987-92", "normalized":"Tridentella tangeroae Bruce 1987-92", "canonical":"Tridentella tangeroae", "genus":{"epitheton":"Tridentella"}, "species":{"epitheton":"tangeroae", "authorship":"Bruce, 1987-92", "basionymAuthorTeam":{"authorTeam":"Bruce", "author":["Bruce"], "year":"1987-92"}}}}

#year in square brackets
Anthoscopus Cabanis [1851]|{"scientificName":{"parsed":true, "verbatim":"Anthoscopus Cabanis [1851]", "normalized":"Anthoscopus Cabanis (1851)", "canonical":"Anthoscopus", "uninomial":{"epitheton":"Anthoscopus", "authorship":"Cabanis [1851]", "basionymAuthorTeam":{"authorTeam":"Cabanis", "author":["Cabanis"], "approximate_year":"(1851)"}}}}
Anthoscopus Cabanis [185?]|{"scientificName":{"parsed":true, "verbatim":"Anthoscopus Cabanis [185?]", "normalized":"Anthoscopus Cabanis (185?)", "canonical":"Anthoscopus", "uninomial":{"epitheton":"Anthoscopus", "authorship":"Cabanis [185?]", "basionymAuthorTeam":{"authorTeam":"Cabanis", "author":["Cabanis"], "approximate_year":"(185?)"}}}}
Anthoscopus Cabanis [1851?]|{"scientificName":{"parsed":true, "verbatim":"Anthoscopus Cabanis [1851?]", "normalized":"Anthoscopus Cabanis (1851?)", "canonical":"Anthoscopus", "uninomial":{"epitheton":"Anthoscopus", "authorship":"Cabanis [1851?]", "basionymAuthorTeam":{"authorTeam":"Cabanis", "author":["Cabanis"], "approximate_year":"(1851?)"}}}}
Anthoscopus Cabanis [1851]|{"scientificName":{"parsed":true, "verbatim":"Anthoscopus Cabanis [1851]", "normalized":"Anthoscopus Cabanis (1851)", "canonical":"Anthoscopus", "uninomial":{"epitheton":"Anthoscopus", "authorship":"Cabanis [1851]", "basionymAuthorTeam":{"authorTeam":"Cabanis", "author":["Cabanis"], "approximate_year":"(1851)"}}}}
Anthoscopus Cabanis [1851?]|{"scientificName":{"parsed":true, "verbatim":"Anthoscopus Cabanis [1851?]", "normalized":"Anthoscopus Cabanis (1851?)", "canonical":"Anthoscopus", "uninomial":{"epitheton":"Anthoscopus", "authorship":"Cabanis [1851?]", "basionymAuthorTeam":{"authorTeam":"Cabanis", "author":["Cabanis"], "approximate_year":"(1851?)"}}}}
Trismegistia monodii Ando, 1973 [1974]|{"scientificName":{"parsed":true, "verbatim":"Trismegistia monodii Ando, 1973 [1974]", "normalized":"Trismegistia monodii Ando 1973 (1974)", "canonical":"Trismegistia monodii", "genus":{"epitheton":"Trismegistia"}, "species":{"epitheton":"monodii", "authorship":"Ando, 1973 [1974]", "basionymAuthorTeam":{"authorTeam":"Ando", "author":["Ando"], "year":"1973", "approximate_year":"(1974)"}}}}
Zygaena witti Wiegel [1973]|{"scientificName":{"parsed":true, "verbatim":"Zygaena witti Wiegel [1973]", "normalized":"Zygaena witti Wiegel (1973)", "canonical":"Zygaena witti", "genus":{"epitheton":"Zygaena"}, "species":{"epitheton":"witti", "authorship":"Wiegel [1973]", "basionymAuthorTeam":{"authorTeam":"Wiegel", "author":["Wiegel"], "approximate_year":"(1973)"}}}}
Deyeuxia coarctata Kunth, 1815 [1816]|{"scientificName":{"parsed":true, "verbatim":"Deyeuxia coarctata Kunth, 1815 [1816]", "normalized":"Deyeuxia coarctata Kunth 1815 (1816)", "canonical":"Deyeuxia coarctata", "genus":{"epitheton":"Deyeuxia"}, "species":{"epitheton":"coarctata", "authorship":"Kunth, 1815 [1816]", "basionymAuthorTeam":{"authorTeam":"Kunth", "author":["Kunth"], "year":"1815", "approximate_year":"(1816)"}}}}

#names with garbage at the end
Morea (Morea) Burt 2342343242 23424322342 23424234|{"scientificName":{"parsed":true, "verbatim":"Morea (Morea) Burt 2342343242 23424322342 23424234", "normalized":"Morea (Morea) Burt", "canonical":"Morea", "uninomial":{"epitheton":"Morea", "authorship":"(Morea) Burt", "combinationAuthorTeam":{"authorTeam":"Burt", "author":["Burt"]}, "basionymAuthorTeam":{"authorTeam":"Morea", "author":["Morea"]}}}}


#salvage canonical
Morea ssjjlajajaj324$33 234243242|{"scientificName":{"parsed":true, "verbatim":"Morea ssjjlajajaj324$33 234243242", "normalized":"Morea", "canonical":"Morea", "uninomial":{"epitheton":"Morea"}}}
Morea (Morea) burtius 2342343242 23424322342 23424234|{"scientificName":{"parsed":true, "verbatim":"Morea (Morea) burtius 2342343242 23424322342 23424234", "normalized":"Morea (Morea) burtius", "canonical":"Morea burtius", "genus":{"epitheton":"Morea"}, "subgenus":{"epitheton":"Morea"}, "species":{"epitheton":"burtius"}}}
Verpericola megasoma ""Dall" Pils.|{"scientificName":{"parsed":true, "verbatim":"Verpericola megasoma \"\"Dall\" Pils.", "normalized":"Verpericola megasoma", "canonical":"Verpericola megasoma", "genus":{"epitheton":"Verpericola"}, "species":{"epitheton":"megasoma"}}} 
Moraea spathulata ( (L. f. Klatt|{"scientificName":{"parsed":true, "verbatim":"Moraea spathulata ( (L. f. Klatt", "normalized":"Moraea spathulata", "canonical":"Moraea spathulata", "genus":{"epitheton":"Moraea"}, "species":{"epitheton":"spathulata"}}}